,cid,cmpdname,isosmiles
0,43816622,"N-(3-(imidazo[1,2-a]pyridin-2-yl)phenyl)-8-methoxy-2-oxo-2H-chromene-3-carboxamide",COC1=CC=CC2=C1OC(=O)C(=C2)C(=O)NC3=CC=CC(=C3)C4=CN5C=CC=CC5=N4
1,57339250,Human beta-amyloid peptide (1-40),CC[C@H](C)[C@@H](C(=O)N[C@@H]([C@@H](C)CC)C(=O)NCC(=O)N[C@@H](CC(C)C)C(=O)N[C@@H](CCSC)C(=O)N[C@@H](C(C)C)C(=O)NCC(=O)NCC(=O)N[C@@H](C(C)C)C(=O)N[C@@H](C(C)C)C(=O)O)NC(=O)[C@H](C)NC(=O)CNC(=O)[C@H](CCCCN)NC(=O)[C@H](CC(=O)N)NC(=O)[C@H](CO)NC(=O)CNC(=O)[C@H](C(C)C)NC(=O)[C@H](CC(=O)O)NC(=O)[C@H](CCC(=O)O)NC(=O)[C@H](C)NC(=O)[C@H](CC1=CC=CC=C1)NC(=O)[C@H](CC2=CC=CC=C2)NC(=O)[C@H](C(C)C)NC(=O)[C@H](CC(C)C)NC(=O)[C@H](CCCCN)NC(=O)[C@H](CCC(=O)N)NC(=O)[C@H](CC3=CNC=N3)NC(=O)[C@H](CC4=CNC=N4)NC(=O)[C@H](C(C)C)NC(=O)[C@H](CCC(=O)O)NC(=O)[C@H](CC5=CC=C(C=C5)O)NC(=O)CNC(=O)[C@H](CO)NC(=O)[C@H](CC(=O)O)NC(=O)[C@H](CC6=CNC=N6)NC(=O)[C@H](CCCNC(=N)N)NC(=O)[C@H](CC7=CC=CC=C7)NC(=O)[C@H](CCC(=O)O)NC(=O)[C@H](C)NC(=O)[C@H](CC(=O)O)N
2,71773143,beta-Amyloid Peptide (1-42) (human),CC[C@H](C)[C@@H](C(=O)N[C@@H]([C@@H](C)CC)C(=O)NCC(=O)N[C@@H](CC(C)C)C(=O)N[C@@H](CCSC)C(=O)N[C@@H](C(C)C)C(=O)NCC(=O)NCC(=O)N[C@@H](C(C)C)C(=O)N[C@@H](C(C)C)C(=O)N[C@@H]([C@@H](C)CC)C(=O)N[C@@H](C)C(=O)O)NC(=O)[C@H](C)NC(=O)CNC(=O)[C@H](CCCCN)NC(=O)[C@H](CC(=O)N)NC(=O)[C@H](CO)NC(=O)CNC(=O)[C@H](C(C)C)NC(=O)[C@H](CC(=O)O)NC(=O)[C@H](CCC(=O)O)NC(=O)[C@H](C)NC(=O)[C@H](CC1=CC=CC=C1)NC(=O)[C@H](CC2=CC=CC=C2)NC(=O)[C@H](C(C)C)NC(=O)[C@H](CC(C)C)NC(=O)[C@H](CCCCN)NC(=O)[C@H](CCC(=O)N)NC(=O)[C@H](CC3C=NC=N3)NC(=O)[C@H](CC4C=NC=N4)NC(=O)[C@H](C(C)C)NC(=O)[C@H](CCC(=O)O)NC(=O)[C@H](CC5=CC=C(C=C5)O)NC(=O)CNC(=O)[C@H](CO)NC(=O)[C@H](CC(=O)O)NC(=O)[C@H](CC6C=NC=N6)NC(=O)[C@H](CCCNC(=N)N)NC(=O)[C@H](CC7=CC=CC=C7)NC(=O)[C@H](CCC(=O)O)NC(=O)[C@H](C)NC(=O)[C@H](CC(=O)O)N
3,91618027,N6-(beta-amyloid protein 42-(1-7)-peptidyl-cysteinyl-S-(2-oxoethyl))lysine,C[C@@H](C(=O)N[C@@H](CCC(=O)O)C(=O)N[C@@H](CC1=CC=CC=C1)C(=O)N[C@@H](CCCN=C(N)N)C(=O)N[C@@H](CC2=CN=CN2)C(=O)N[C@@H](CC(=O)O)C(=O)N[C@@H](CSCC(=O)NCCCC[C@@H](C(=O)O)N)C(=O)O)NC(=O)[C@H](CC(=O)O)N
4,9897590,Human beta-amyloid protein 42 (1-7),C[C@@H](C(=O)N[C@@H](CCC(=O)O)C(=O)N[C@@H](CC1=CC=CC=C1)C(=O)N[C@@H](CCCN=C(N)N)C(=O)N[C@@H](CC2=CN=CN2)C(=O)N[C@@H](CC(=O)O)C(=O)O)NC(=O)[C@H](CC(=O)O)N
5,76957148,"beta-Amyloid protein-(1-6)-peptidylglycylglycyl-L-cysteine-3-(2,5-dioxo-2,5-dihydro-1H-pyrrole-1-YL)-N-(6-((2,5-dioxopyrrolidin-1-YL)oxy)-6-oxohexyl)propanamide-lysine",C[C@@H](C(=O)N[C@@H](CCC(=O)O)C(=O)N[C@@H](CC1=CC=CC=C1)C(=O)N[C@@H](CCCN=C(N)N)C(=O)N[C@@H](CC2=CN=CN2)C(=O)NCC(=O)NCC(=O)N[C@@H](CSC3CC(=O)N(C3=O)CCC(=O)NCCCCCC(=O)NCCCC[C@@H](C(=O)O)N)C(=O)O)NC(=O)[C@H](CC(=O)O)N
6,76964040,"beta-Amyloid protein-(1-6)-peptidylglycylglycyl-L-cysteine-3-(2,5-dioxo-2,5-dihydro-1H-pyrrole-1-YL)-N-(6-((2,5-dioxopyrrolidin-1-YL)oxy)-6-oxohexyl)propanamide-alanine",C[C@@H](C(=O)N[C@@H](CCC(=O)O)C(=O)N[C@@H](CC1=CC=CC=C1)C(=O)N[C@@H](CCCN=C(N)N)C(=O)N[C@@H](CC2=CN=CN2)C(=O)NCC(=O)NCC(=O)N[C@@H](CSC3CC(=O)N(C3=O)CCC(=O)NCCCCCC(=O)N[C@@H](C)C(=O)O)C(=O)O)NC(=O)[C@H](CC(=O)O)N
7,155977579,Beta-Amyloid (15-21) acetate,C[C@@H](C(=O)O)NC(=O)[C@H](CC1=CC=CC=C1)NC(=O)[C@H](CC2=CC=CC=C2)NC(=O)[C@H](C(C)C)NC(=O)[C@H](CC(C)C)NC(=O)[C@H](CCCCN)NC(=O)[C@H](CCC(=O)N)N.CC(=O)O
8,71317263,beta-Amyloid (1-11),C[C@@H](C(=O)N[C@@H](CCC(=O)O)C(=O)N[C@@H](CC1=CC=CC=C1)C(=O)N[C@@H](CCCN=C(N)N)C(=O)N[C@@H](CC2=CN=CN2)C(=O)N[C@@H](CC(=O)O)C(=O)N[C@@H](CO)C(=O)NCC(=O)N[C@@H](CC3=CC=C(C=C3)O)C(=O)N[C@@H](CCC(=O)O)C(=O)O)NC(=O)[C@H](CC(=O)O)N
9,146158575,beta-Amyloid Protein Precursor 770 (135-155),CC(C)CC(C(=O)NC(CC1=CNC=N1)C(=O)NC(CCC(=O)N)C(=O)NC(CCC(=O)O)C(=O)NC(CCCNC(=N)N)C(=O)NC(CCSC)C(=O)NC(CC(=O)O)C(=O)NC(C(C)C)C(=O)NC(CS)C(=O)NC(CCC(=O)O)C(=O)NC(C(C)O)C(=O)NC(CC2=CNC=N2)C(=O)NC(CC(C)C)C(=O)NC(CC3=CNC=N3)C(=O)NC(CC4=CNC5=CC=CC=C54)C(=O)NC(CC6=CNC=N6)C(=O)NC(C(C)O)C(=O)NC(C(C)C)C(=O)NC(C)C(=O)NC(CCCCN)C(=O)O)NC(=O)C(CC7=CC=CC=C7)N
10,11765491,beta-Amyloid (33-40),CC(C)C[C@@H](C(=O)N[C@@H](CCSC)C(=O)N[C@@H](C(C)C)C(=O)NCC(=O)NCC(=O)N[C@@H](C(C)C)C(=O)N[C@@H](C(C)C)C(=O)O)NC(=O)CN
11,137699296,beta-Amyloid (1-43),CCC(C)C(C(=O)NC(C(C)CC)C(=O)NCC(=O)NC(CC(C)C)C(=O)NC(CCSC)C(=O)NC(C(C)C)C(=O)NCC(=O)NCC(=O)NC(C(C)C)C(=O)NC(C(C)C)C(=O)NC(C(C)CC)C(=O)NC(C)C(=O)NC(C(C)O)C(=O)O)NC(=O)C(C)NC(=O)CNC(=O)C(CCCCN)NC(=O)C(CC(=O)N)NC(=O)C(CO)NC(=O)CNC(=O)C(C(C)C)NC(=O)CCC(=O)O
12,145705875,beta-Amyloid (1-42) human,CCC(C)C(C(=O)NC(C(C)CC)C(=O)NCC(=O)NC(CC(C)C)C(=O)NC(CCSC)C(=O)NC(C(C)C)C(=O)NCC(=O)NCC(=O)NC(C(C)C)C(=O)NC(C(C)C)C(=O)NC(C(C)CC)C(=O)NC(C)C(=O)O)NC(=O)C(C)NC(=O)CNC(=O)C(CCCCN)NC(=O)C(CC(=O)N)NC(=O)C(CO)NC(=O)CNC(=O)C(C(C)C)NC(=O)C(CC(=O)O)NC(=O)C(CCC(=O)O)NC(=O)C(C)NC(=O)C(CC1=CC=CC=C1)NC(=O)C(CC2=CC=CC=C2)NC(=O)C(C(C)C)NC(=O)C(CC(C)C)NC(=O)C(CCCCN)NC(=O)C(CCC(=O)N)NC(=O)C(CC3C=NC=N3)NC(=O)C(CC4C=NC=N4)NC(=O)C(C(C)C)NC(=O)C(CCC(=O)O)NC(=O)C(CC5=CC=C(C=C5)O)NC(=O)CNC(=O)C(CO)NC(=O)C(CC(=O)O)NC(=O)C(CC6C=NC=N6)NC(=O)C(CCCNC(=N)N)NC(=O)C(CC7=CC=CC=C7)NC(=O)C(CCC(=O)O)NC(=O)C(C)NC(=O)C(CC(=O)O)N
13,25184743,beta-Amyloid (35-42),CC[C@H](C)[C@@H](C(=O)N[C@@H](C)C(=O)O)NC(=O)[C@H](C(C)C)NC(=O)[C@H](C(C)C)NC(=O)CNC(=O)CNC(=O)[C@H](C(C)C)NC(=O)[C@H](CCSC)N
14,101942071,beta-Amyloid(12-28),C[C@@H](C(=N[C@@H](CCC(=O)O)C(=N[C@@H](CC(=O)O)C(=N[C@@H](C(C)C)C(=NCC(=N[C@@H](CO)C(=N[C@@H](CC(=N)O)C(=N[C@@H](CCCCN)C(=O)O)O)O)O)O)O)O)O)N=C([C@H](CC1=CC=CC=C1)N=C([C@H](CC2=CC=CC=C2)N=C([C@H](C(C)C)N=C([C@H](CC(C)C)N=C([C@H](CCCCN)N=C([C@H](CCC(=N)O)N=C([C@H](CC3=CN=CN3)N=C([C@H](CC4=CN=CN4)N=C([C@H](C(C)C)N)O)O)O)O)O)O)O)O)O
15,10079740,beta-Amyloid (1-9),C[C@@H](C(=O)N[C@@H](CCC(=O)O)C(=O)N[C@@H](CC1=CC=CC=C1)C(=O)N[C@@H](CCCN=C(N)N)C(=O)N[C@@H](CC2=CN=CN2)C(=O)N[C@@H](CC(=O)O)C(=O)N[C@@H](CO)C(=O)NCC(=O)O)NC(=O)[C@H](CC(=O)O)N
16,134611629,beta-Amyloid (15-21),C[C@@H](C(=O)O)NC(=O)[C@H](CC1=CC=CC=C1)NC(=O)[C@H](CC2=CC=CC=C2)NC(=O)[C@H](C(C)C)NC(=O)[C@H](CC(C)C)NC(=O)[C@H](CCCCN)NC(=O)[C@H](CCC(=O)N)N
17,11285982,beta-Amyloid (4-10),C1=CC=C(C=C1)C[C@@H](C(=O)N[C@@H](CCCN=C(N)N)C(=O)N[C@@H](CC2=CN=CN2)C(=O)N[C@@H](CC(=O)O)C(=O)N[C@@H](CO)C(=O)NCC(=O)N[C@@H](CC3=CC=C(C=C3)O)C(=O)O)N
18,91977001,beta-Amyloid (1-15),CC(C)C(C(=O)NC(CC1=CNC=N1)C(=O)NC(CC2=CNC=N2)C(=O)NC(CCC(=O)N)C(=O)O)NC(=O)C(CCC(=O)O)NC(=O)C(CC3=CC=C(C=C3)O)NC(=O)CNC(=O)C(CO)NC(=O)C(CC(=O)O)NC(=O)C(CC4=CNC=N4)NC(=O)C(CCCNC(=N)N)NC(=O)C(CC5=CC=CC=C5)NC(=O)C(CCC(=O)O)NC(=O)C(C)NC(=O)C(CC(=O)O)N
19,25235410,beta-Amyloid (12-20),CC(C)C[C@@H](C(=O)N[C@@H](C(C)C)C(=O)N[C@@H](CC1=CC=CC=C1)C(=O)N[C@@H](CC2=CC=CC=C2)C(=O)O)NC(=O)[C@H](CCCCN)NC(=O)[C@H](CCC(=O)N)NC(=O)[C@H](CC3=CN=CN3)NC(=O)[C@H](CC4=CN=CN4)NC(=O)[C@H](C(C)C)N
20,57339251,Asp-Ala-Glu-Phe-Arg-His-Asp-Ser-Gly-Tyr-Glu-Val-His-His-Gln-Lys-Leu-Val-Phe-Phe-Ala-Glu-Asp-Val-Gly-Ser-Asn-Lys-Gly-Ala-Ile-Ile-Gly-Leu-Met-Val-Gly-Gly-Val-Val-Ile-Ala,CC[C@H](C)[C@@H](C(=O)N[C@@H]([C@@H](C)CC)C(=O)NCC(=O)N[C@@H](CC(C)C)C(=O)N[C@@H](CCSC)C(=O)N[C@@H](C(C)C)C(=O)NCC(=O)NCC(=O)N[C@@H](C(C)C)C(=O)N[C@@H](C(C)C)C(=O)N[C@@H]([C@@H](C)CC)C(=O)N[C@@H](C)C(=O)O)NC(=O)[C@H](C)NC(=O)CNC(=O)[C@H](CCCCN)NC(=O)[C@H](CC(=O)N)NC(=O)[C@H](CO)NC(=O)CNC(=O)[C@H](C(C)C)NC(=O)[C@H](CC(=O)O)NC(=O)[C@H](CCC(=O)O)NC(=O)[C@H](C)NC(=O)[C@H](CC1=CC=CC=C1)NC(=O)[C@H](CC2=CC=CC=C2)NC(=O)[C@H](C(C)C)NC(=O)[C@H](CC(C)C)NC(=O)[C@H](CCCCN)NC(=O)[C@H](CCC(=O)N)NC(=O)[C@H](CC3=CNC=N3)NC(=O)[C@H](CC4=CNC=N4)NC(=O)[C@H](C(C)C)NC(=O)[C@H](CCC(=O)O)NC(=O)[C@H](CC5=CC=C(C=C5)O)NC(=O)CNC(=O)[C@H](CO)NC(=O)[C@H](CC(=O)O)NC(=O)[C@H](CC6=CNC=N6)NC(=O)[C@H](CCCNC(=N)N)NC(=O)[C@H](CC7=CC=CC=C7)NC(=O)[C@H](CCC(=O)O)NC(=O)[C@H](C)NC(=O)[C@H](CC(=O)O)N
21,139600448,Amyloid beta-protein(29-40),CCC(C)C(C(=O)NC(C(C)CC)C(=O)NCC(=O)NC(CC(C)C)C(=O)NC(CCSC)C(=O)NC(C(C)C)C(=O)NCC(=O)NCC(=O)NC(C(C)C)C(=O)NC(C(C)C)C(=O)O)NC(=O)C(C)NC(=O)CN
22,10843733,Amyloid beta-peptide(25-35),CC[C@H](C)[C@@H](C(=O)N[C@@H]([C@@H](C)CC)C(=O)NCC(=O)N[C@@H](CC(C)C)C(=O)N[C@@H](CCSC)C(=O)O)NC(=O)[C@H](C)NC(=O)CNC(=O)[C@H](CCCCN)NC(=O)[C@H](CC(=O)N)NC(=O)[C@H](CO)NC(=O)CN
23,131954545,AMyloid beta-Protein (1-40),CCC(C)C(C(=O)NC(C(C)CC)C(=O)NCC(=O)NC(CC(C)C)C(=O)NC(CCSC)C(=O)NC(C(C)C)C(=O)NCC(=O)NCC(=O)NC(C(C)C)C(=O)NC(C(C)C)C(=O)O)NC(=O)C(C)NC(=O)CNC(=O)C(CCCCN)NC(=O)C(CC(=O)N)NC(=O)C(CO)NC(=O)CNC(=O)C(C(C)C)NC(=O)C(CC(=O)O)NC(=O)C(CCC(=O)O)NC(=O)C(C)NC(=O)C(CC1=CC=CC=C1)NC(=O)C(CC2=CC=CC=C2)NC(=O)C(C(C)C)NC(=O)C(CC(C)C)NC(=O)C(CCCCN)NC(=O)C(CCC(=O)N)NC(=O)C(CC3=CNC=N3)NC(=O)C(CC4=CNC=N4)NC(=O)C(C(C)C)NC(=O)C(CCC(=O)O)NC(=O)C(CC5=CC=C(C=C5)O)NC(=O)CNC(=O)C(CO)NC(=O)C(CC(=O)O)NC(=O)C(CC6=CNC=N6)NC(=O)C(CCCNC(=N)N)NC(=O)C(CC7=CC=CC=C7)NC(=O)C(CCC(=O)O)NC(=O)C(C)NC(=O)C(CC(=O)O)N
24,3605362,Amyloid beta-Protein (22-35),CCC(C)C(C(=O)NC(C(C)CC)C(=O)NCC(=O)NC(CC(C)C)C(=O)NC(CCSC)C(=O)O)NC(=O)C(C)NC(=O)CNC(=O)C(CCCCN)NC(=O)C(CC(=O)N)NC(=O)C(CO)NC(=O)CNC(=O)C(C(C)C)NC(=O)C(CC(=O)O)NC(=O)C(CCC(=O)O)N
25,91977102,Amyloid beta-Protein (1-28),CC(C)CC(C(=O)NC(C(C)C)C(=O)NC(CC1=CC=CC=C1)C(=O)NC(CC2=CC=CC=C2)C(=O)NC(C)C(=O)NC(CCC(=O)O)C(=O)NC(CC(=O)O)C(=O)NC(C(C)C)C(=O)NCC(=O)NC(CO)C(=O)NC(CC(=O)N)C(=O)NC(CCCCN)C(=O)O)NC(=O)C(CCCCN)NC(=O)C(CCC(=O)N)NC(=O)C(CC3=CNC=N3)NC(=O)C(CC4=CNC=N4)NC(=O)C(C(C)C)NC(=O)C(CCC(=O)O)NC(=O)C(CC5=CC=C(C=C5)O)NC(=O)CNC(=O)C(CO)NC(=O)C(CC(=O)O)NC(=O)C(CC6=CNC=N6)NC(=O)C(CCCNC(=N)N)NC(=O)C(CC7=CC=CC=C7)NC(=O)C(CCC(=O)O)NC(=O)C(C)NC(=O)C(CC(=O)O)N
26,16131051,Amyloid beta-protein (17-42),CC[C@H](C)[C@@H](C(=O)N[C@@H]([C@@H](C)CC)C(=O)NCC(=O)N[C@@H](CC(C)C)C(=O)N[C@@H](CCSC)C(=O)N[C@@H](C(C)C)C(=O)NCC(=O)NCC(=O)N[C@@H](C(C)C)C(=O)N[C@@H](C(C)C)C(=O)N[C@@H]([C@@H](C)CC)C(=O)N[C@@H](C)C(=O)O)NC(=O)[C@H](C)NC(=O)CNC(=O)[C@H](CCCCN)NC(=O)[C@H](CC(=O)N)NC(=O)[C@H](CO)NC(=O)CNC(=O)[C@H](C(C)C)NC(=O)[C@H](CC(=O)O)NC(=O)[C@H](CCC(=O)O)NC(=O)[C@H](C)NC(=O)[C@H](CC1=CC=CC=C1)NC(=O)[C@H](CC2=CC=CC=C2)NC(=O)[C@H](C(C)C)NC(=O)[C@H](CC(C)C)N
27,146156923,Amyloid beta-Protein (1-16),CC(C)C(C(=O)NC(CC1=CNC=N1)C(=O)NC(CC2=CNC=N2)C(=O)NC(CCC(=O)N)C(=O)NC(CCCCN)C(=O)O)NC(=O)C(CCC(=O)O)NC(=O)C(CC3=CC=C(C=C3)O)NC(=O)CNC(=O)C(CO)NC(=O)C(CC(=O)O)NC(=O)C(CC4=CNC=N4)NC(=O)C(CCCNC(=N)N)NC(=O)C(CC5=CC=CC=C5)NC(=O)C(CCC(=O)O)NC(=O)C(C)NC(=O)C(CC(=O)O)N
28,4413247,2-[[2-[[2-[[2-[(2-Amino-3-methylpentanoyl)amino]-3-methylpentanoyl]amino]acetyl]amino]-4-methylpentanoyl]amino]-4-methylsulfanylbutanoic acid,CCC(C)C(C(=O)NC(C(C)CC)C(=O)NCC(=O)NC(CC(C)C)C(=O)NC(CCSC)C(=O)O)N
29,71581486,Aivvggvmlgiiagknsgvdeaffvlkqhhveygsdhrfead,CCC(C)[C@@H](C(=O)N[C@@H](C(C)CC)C(=O)N[C@@H](C)C(=O)NCC(=O)N[C@@H](CCCCN)C(=O)N[C@@H](CC(=O)N)C(=O)N[C@@H](CO)C(=O)NCC(=O)N[C@H](C(C)C)C(=O)N[C@H](CC(=O)O)C(=O)N[C@H](CCC(=O)O)C(=O)N[C@H](C)C(=O)N[C@H](CC1=CC=CC=C1)C(=O)N[C@H](CC2=CC=CC=C2)C(=O)N[C@H](C(C)C)C(=O)N[C@H](CC(C)C)C(=O)N[C@H](CCCCN)C(=O)N[C@H](CCC(=O)N)C(=O)N[C@H](CC3=CNC=N3)C(=O)N[C@H](CC4=CNC=N4)C(=O)N[C@H](C(C)C)C(=O)N[C@H](CCC(=O)O)C(=O)N[C@H](CC5=CC=C(C=C5)O)C(=O)NCC(=O)N[C@H](CO)C(=O)N[C@H](CC(=O)O)C(=O)N[C@H](CC6=CNC=N6)C(=O)N[C@H](CCCNC(=N)N)C(=O)N[C@H](CC7=CC=CC=C7)C(=O)N[C@H](CCC(=O)O)C(=O)N[C@H](C)C(=O)N[C@H](CC(=O)O)C(=O)O)NC(=O)CNC(=O)[C@H](CC(C)C)NC(=O)[C@H](CCSC)NC(=O)[C@H](C(C)C)NC(=O)CNC(=O)CNC(=O)[C@H](C(C)C)NC(=O)[C@H](C(C)C)NC(=O)[C@H](C(C)CC)NC(=O)[C@H](C)N
30,90470041,H-Glu-asp-val-gly-ser-asn-lys-gly-ala-ile-ile-gly-leu-met-OH,CC[C@H](C)[C@@H](C(=O)N[C@@H]([C@@H](C)CC)C(=O)NCC(=O)N[C@@H](CC(C)C)C(=O)N[C@@H](CCSC)C(=O)O)NC(=O)[C@H](C)NC(=O)CNC(=O)[C@H](CCCCN)NC(=O)[C@H](CC(=O)N)NC(=O)[C@H](CO)NC(=O)CNC(=O)[C@H](C(C)C)NC(=O)[C@H](CC(=O)O)NC(=O)[C@H](CCC(=O)O)N
31,90488761,CID 90488761,CC[C@H](C)[C@@H](C(=O)N[C@@H]([C@@H](C)CC)C(=O)NCC(=O)N[C@@H](CC(C)C)C(=O)N[C@@H](CCSC)C(=O)N[C@@H](C(C)C)C(=O)NCC(=O)NCC(=O)N[C@@H](C(C)C)C(=O)N[C@@H](C(C)C)C(=O)N[C@@H]([C@@H](C)CC)C(=O)N[C@@H](C)C(=O)O)NC(=O)[C@H](C)NC(=O)CNC(=O)[C@H](CCCCN)NC(=O)[C@H](CC(=O)N)NC(=O)[C@H](CO)NC(=O)CNC(=O)[C@H](C(C)C)NC(=O)[C@H](CC(=O)O)NC(=O)[C@H](CCC(=O)O)NC(=O)[C@H](C)NC(=O)[C@H](CC1=CC=CC=C1)NC(=O)[C@H](CC2=CC=CC=C2)NC(=O)[C@H](C(C)C)NC(=O)[C@H](CC(C)C)NC(=O)[C@H](CCCCN)NC(=O)[C@H](CCC(=O)N)NC(=O)[C@H](CC3=CNC=N3)NC(=O)[C@H](CCCNC(=N)N)NC(=O)[C@H](C(C)C)NC(=O)[C@H](CCC(=O)O)NC(=O)[C@H](CC4=CC=CC=C4)NC(=O)CNC(=O)[C@H](CO)NC(=O)[C@H](CC(=O)O)NC(=O)[C@H](CC5=CNC=N5)NC(=O)CNC(=O)[C@H](CC6=CC=CC=C6)NC(=O)[C@H](CCC(=O)O)NC(=O)[C@H](C)NC(=O)[C@H](CC(=O)O)N
32,9882580,"Phenol, 3,3'-(3,6-pyridazinediyldiimino)bis-",C1=CC(=CC(=C1)O)NC2=NN=C(C=C2)NC3=CC(=CC=C3)O
33,5094836,2-[[2-[[2-[(2-Amino-3-methylpentanoyl)amino]acetyl]amino]-4-methylpentanoyl]amino]-4-methylsulfanylbutanoic acid,CCC(C)C(C(=O)NCC(=O)NC(CC(C)C)C(=O)NC(CCSC)C(=O)O)N
34,2905264,"4-[[3-[(3-Methylphenyl)methoxy]phenyl]methylidene]-1-phenylpyrazolidine-3,5-dione",CC1=CC(=CC=C1)COC2=CC=CC(=C2)C=C3C(=O)NN(C3=O)C4=CC=CC=C4
35,69761759,CDK5 inhibitor 20-223,C1CC(C1)C2=CC(=NN2)NC(=O)CC3=CC4=CC=CC=C4C=C3
36,138454872,[pThr3]-CDK5 Substrate,C[C@H]([C@@H](C(=O)N1CCC[C@H]1C(=O)N[C@@H](CCCCN)C(=O)N[C@@H](CCCCN)C(=O)N[C@@H](C)C(=O)N[C@@H](CCCCN)C(=O)N[C@@H](CCCCN)C(=O)N[C@@H](CC(C)C)C(=O)O)NC(=O)[C@H](CCCCN)NC(=O)[C@@H]2CCCN2)OP(=O)(O)O
37,139291241,[pThr3]-CDK5 Substrate (TFA),C[C@H]([C@@H](C(=O)N1CCC[C@H]1C(=O)N[C@@H](CCCCN)C(=O)N[C@@H](CCCCN)C(=O)N[C@@H](C)C(=O)N[C@@H](CCCCN)C(=O)N[C@@H](CCCCN)C(=O)N[C@@H](CC(C)C)C(=O)O)NC(=O)[C@H](CCCCN)NC(=O)[C@@H]2CCCN2)OP(=O)(O)O.C(=O)(C(F)(F)F)O
38,163196445,Cdk5-IN-2,C[C@@](C1CCN(CC1)C)(C2=NC3=CC(=NC=C3C=C2)NC4=C(C=C(C=C4)C5=CC=CC(=C5)C#N)F)O
39,163323749,Cdk5-IN-1,CN1CCC(CC1)S(=O)(=O)C2=NC3=CC(=NC=C3C=C2)NC4=C(C=C(C=C4)N5C=CC(=N5)CO)F
40,10155554,Gsk-3/cdk5/cdk2-IN-1,CC(=O)NC1CC(C1)N2C=C(N=C2)NC(=O)CC3=CC4=CC=CC=C4C=C3
41,156212722,Cdk5-IN-3,C[C@@](C1CCN(CC1)C)(C2=NC3=CC(=NC=C3C=C2)NC4=CC=CC=C4)O
42,101937498,Pktpkkakkl,C[C@H]([C@@H](C(=O)N1CCC[C@H]1C(=O)N[C@@H](CCCCN)C(=O)N[C@@H](CCCCN)C(=O)N[C@@H](C)C(=O)N[C@@H](CCCCN)C(=O)N[C@@H](CCCCN)C(=O)N[C@@H](CC(C)C)C(=O)O)NC(=O)[C@H](CCCCN)NC(=O)[C@@H]2CCCN2)O
43,168013018,H-Pro-Lys-Thr-Pro-Lys-Lys-Ala-Lys-Lys-Leu-OH.CH3CO2H,C[C@H]([C@@H](C(=O)N1CCC[C@H]1C(=O)N[C@@H](CCCCN)C(=O)N[C@@H](CCCCN)C(=O)N[C@@H](C)C(=O)N[C@@H](CCCCN)C(=O)N[C@@H](CCCCN)C(=O)N[C@@H](CC(C)C)C(=O)O)NC(=O)[C@H](CCCCN)NC(=O)[C@@H]2CCCN2)O.CC(=O)O
44,162641389,TNF-alpha-IN-6,CC1(C(=O)C2=C(N1CC3=C(N=CC=C3)C#N)N=C(C=C2)C4=CN=C(N=C4)N5CCN6[C@@H](C5)CNC6=O)C
45,126532303,TNF-alpha-IN-2,CC1=NC2=CC(=C(N=C2C(=C1Cl)N[C@H](C)C3=C(C=CC(=C3)C#N)F)C4=CN=C(N=C4)C(C)(C)O)F
46,10270102,TNF-alpha-IN-1,C1CC(=O)NC(=O)C1N2C(=O)C3=CC=CC(=C3C2=O)CNC(=O)CCl
47,16079006,TNF-alpha Inhibitor,CC1=CC2=C(C=C1C)OC=C(C2=O)CN(C)CCN(C)CC3=CN(C4=CC=CC=C43)C5=CC=CC(=C5)C(F)(F)F.Cl.Cl
48,1620,TNF Protease Inhibitor 2,CC(C)CC(CC(=O)NO)C(=O)NC(C(=O)NC(C)C(=O)NCCN)C(C)(C)C
49,10458621,TNF-a protease inhibitor 1,C[C@@H](C(=O)NCCN)NC(=O)[C@H](CC1=CC2=CC=CC=C2C=C1)NC(=O)[C@H](CC(C)C)CC(=O)NO
50,92043281,TAPI-0 (TNF-alpha processing inhibitor-0),C[C@@H](C(=O)NC1=CC=CC2=CC=CC=C21)NC(=O)[C@H](C)NC(=O)[C@H](CC(C)C)CC(=O)NO
51,91976359,"TNF-alpha (31-45), human",CC(C)CC(C(=O)NC(CC(C)C)C(=O)NC(C)C(=O)NC(CC(=O)N)C(=O)NCC(=O)NC(C(C)C)C(=O)NC(CCC(=O)O)C(=O)NC(CC(C)C)C(=O)NC(CCCN=C(N)N)C(=O)NC(CC(=O)O)C(=O)O)NC(=O)C(C)NC(=O)C(CC(=O)N)NC(=O)C(C)NC(=O)C(CCCN=C(N)N)NC(=O)C(CCCN=C(N)N)N
52,91977099,"TNF-alpha (46-65), human",CCC(C)C(C(=O)NC(CC1=CC=C(C=C1)O)C(=O)NC(CO)C(=O)NC(CCC(=O)N)C(=O)NC(C(C)C)C(=O)NC(CC(C)C)C(=O)NC(CC2=CC=CC=C2)C(=O)NC(CCCCN)C(=O)O)NC(=O)C(CC(C)C)NC(=O)C(CC3=CC=C(C=C3)O)NC(=O)C(CC(C)C)NC(=O)CNC(=O)C(CCC(=O)O)NC(=O)C(CO)NC(=O)C4CCCN4C(=O)C(C(C)C)NC(=O)C(C(C)C)NC(=O)C(CC(C)C)NC(=O)C(CCC(=O)N)NC(=O)C(CC(=O)N)N
53,131698043,(Ile76)-TNF-a (70-80) (human),CC[C@H](C)[C@@H](C(=O)N[C@@H]([C@@H](C)O)C(=O)N[C@@H](CC1=CN=CN1)C(=O)N[C@@H]([C@@H](C)O)C(=O)N[C@@H]([C@@H](C)CC)C(=O)O)NC(=O)[C@H](CC(C)C)NC(=O)[C@H](C(C)C)NC(=O)[C@H](CC2=CN=CN2)NC(=O)[C@H]([C@@H](C)O)NC(=O)[C@H](CO)NC(=O)[C@@H]3CCCN3
54,165429835,Dabcyl-tnf-alpha-edans(-4 to +6)(human),C[C@@H](C(=O)N[C@@H](C(C)C)C(=O)N[C@@H](CCCN=C(N)N)C(=O)N[C@@H](CO)C(=O)N[C@@H](CO)C(=O)N[C@@H](CO)C(=O)N(CCNC1=CC=CC2=C1C=CC=C2S(=O)(=O)O)[C@@H](CCCN=C(N)N)C(=O)N)NC(=O)[C@H](CCC(=O)N)NC(=O)[C@H](C)NC(=O)[C@H](CC(C)C)NC(=O)C3=CC=C(C=C3)N=NC4=CC=C(C=C4)N(C)C
55,9941762,TNF-alpha Antagonist,CC(C)C[C@@H](C(=O)N[C@@H](CS)C(=O)N[C@@H](CC1=CC=C(C=C1)O)C(=O)O)NC(=O)[C@H](CC2=CC=C(C=C2)O)NC(=O)[C@H](CCC(=O)N)NC(=O)[C@H](CO)NC(=O)[C@H](CC3=CNC4=CC=CC=C43)NC(=O)[C@H](CS)NC(=O)[C@H](CC5=CC=C(C=C5)O)N
56,49541,9-(1-Methyl-3-piperidyl)carbazole,CN1CCCC(C1)N2C3=CC=CC=C3C4=CC=CC=C42
57,44259,Staurosporine,C[C@@]12[C@@H]([C@@H](C[C@@H](O1)N3C4=CC=CC=C4C5=C6C(=C7C8=CC=CC=C8N2C7=C53)CNC6=O)NC)OC
58,1486608,"8-Chloro-4-phenylsulfanyl-1-(trifluoromethyl)-[1,2,4]triazolo[4,3-a]quinoxaline",C1=CC=C(C=C1)SC2=NC3=C(C=C(C=C3)Cl)N4C2=NN=C4C(F)(F)F
59,71311650,H-Arg-arg-ala-asn-ala-leu-leu-ala-asn-gly-val-glu-leu-arg-asp-OH,C[C@@H](C(=O)N[C@@H](CC(=O)N)C(=O)N[C@@H](C)C(=O)N[C@@H](CC(C)C)C(=O)N[C@@H](CC(C)C)C(=O)N[C@@H](C)C(=O)N[C@@H](CC(=O)N)C(=O)NCC(=O)N[C@@H](C(C)C)C(=O)N[C@@H](CCC(=O)O)C(=O)N[C@@H](CC(C)C)C(=O)N[C@@H](CCCN=C(N)N)C(=O)N[C@@H](CC(=O)O)C(=O)O)NC(=O)[C@H](CCCN=C(N)N)NC(=O)[C@H](CCCN=C(N)N)N
60,8521,"2,4,7-Trinitrofluoren-9-one",C1=CC2=C(C=C1[N+](=O)[O-])C(=O)C3=C2C(=CC(=C3)[N+](=O)[O-])[N+](=O)[O-]
61,161495,3-Hydroxy-15-methylhexadecanoic acid,CC(C)CCCCCCCCCCCC(CC(=O)O)O
62,10093303,"N-(R)-[2-(Hydroxyaminocarbonyl)methyl]-4-methylpentanoyl-L-t-butyl-alanyl-L-alanine, 2-aminoethyl Amide",C[C@@H](C(=O)NCCN)NC(=O)[C@H](C(C)(C)C)NC(=O)C(CC(C)C)CC(=O)NO
63,135921883,MCA-Pro-Leu-Ala-Gln-Ala-Val-Dap(DNP)-Arg-Ser-Ser-Ser-Arg-NH2,C[C@@H](C(=O)N[C@@H](C(C)C)C(=O)N[C@@H](CNC1=C(C=C(C=C1)[N+](=O)[O-])[N+](=O)[O-])C(=O)N[C@@H](CCCN=C(N)N)C(=O)N[C@@H](CO)C(=O)N[C@@H](CO)C(=O)N[C@@H](CO)C(=O)N[C@@H](CCCN=C(N)N)C(=O)N)NC(=O)[C@H](CCC(=O)N)NC(=O)[C@H](C)NC(=O)[C@H](CC(C)C)NC(=O)[C@@H]2CCCN2C(=O)CC3=CC(=O)OC4=C3C=CC(=C4)OC
64,12035,Acetylcysteine,CC(=O)N[C@@H](CS)C(=O)O
65,54682464,"5,6-O-Benzylidene-L-ascorbic acid",C1[C@H](OC(O1)C2=CC=CC=C2)[C@@H]3C(=C(C(=O)O3)O)O
66,3035404,N-[(2S)-1-[[(2S)-1-amino-1-oxopropan-2-yl]amino]-3-naphthalen-2-yl-1-oxopropan-2-yl]-N'-hydroxy-2-(2-methylpropyl)butanediamide,C[C@@H](C(=O)N)NC(=O)[C@H](CC1=CC2=CC=CC=C2C=C1)NC(=O)C(CC(C)C)CC(=O)NO
67,9955704,N-{(2r)-2-[2-(Hydroxyamino)-2-Oxoethyl]-4-Methylpentanoyl}-3-Naphthalen-2-Yl-L-Alanyl-L-Alaninamide,C[C@@H](C(=O)N)NC(=O)[C@H](CC1=CC2=CC=CC=C2C=C1)NC(=O)[C@H](CC(C)C)CC(=O)NO
68,16134442,H-Tyr-Cys-Trp-Ser-Gln-Tyr-Leu-Cys-Tyr-OH,CC(C)C[C@H]1C(=O)N[C@@H](CSSC[C@@H](C(=O)N[C@H](C(=O)N[C@H](C(=O)N[C@H](C(=O)N[C@H](C(=O)N1)CC2=CC=C(C=C2)O)CCC(=O)N)CO)CC3=CNC4=CC=CC=C43)NC(=O)[C@H](CC5=CC=C(C=C5)O)N)C(=O)N[C@@H](CC6=CC=C(C=C6)O)C(=O)O
69,9886977,"Butanediamide, N1-((1S)-2,2-dimethyl-1-((methylamino)carbonyl)propyl)-N4-hydroxy-3-(hydroxymethyl)-2-(4-methoxyphenyl)-, (2S,3R)-",CC(C)(C)[C@@H](C(=O)NC)NC(=O)[C@H](C1=CC=C(C=C1)OC)[C@H](CO)C(=O)NO
70,168012969,H-Tyr-DL-Cys(1)-DL-Trp-DL-Ser-Gln-Tyr-Leu-Cys(1)-Tyr-OH,CC(C)C[C@H]1C(=O)N[C@@H](CSSCC(C(=O)NC(C(=O)NC(C(=O)N[C@H](C(=O)N[C@H](C(=O)N1)CC2=CC=C(C=C2)O)CCC(=O)N)CO)CC3=CNC4=CC=CC=C43)NC(=O)[C@H](CC5=CC=C(C=C5)O)N)C(=O)N[C@@H](CC6=CC=C(C=C6)O)C(=O)O
71,444587,N-{(2r)-2-[2-(Hydroxyamino)-2-Oxoethyl]-4-Methylpentanoyl}-3-Methyl-L-Valyl-N-(2-Aminoethyl)-L-Alaninamide,C[C@@H](C(=O)NCCN)NC(=O)[C@H](C(C)(C)C)NC(=O)[C@H](CC(C)C)CC(=O)NO
72,3767,Isoniazid,C1=CN=CC=C1C(=O)NN
73,5639,Urapidil,CN1C(=CC(=O)N(C1=O)C)NCCCN2CCN(CC2)C3=CC=CC=C3OC
74,60825,Lamivudine,C1[C@H](O[C@H](S1)CO)N2C=CC(=NC2=O)N
75,72390,Procysteine,C1[C@H](NC(=O)S1)C(=O)O
76,10155182,"2-azido-N-[2-(2,6-dioxopiperidin-3-yl)-1,3-dioxo-2,3-dihydro-1H-isoindol-4-yl]acetamide",C1CC(=O)NC(=O)C1N2C(=O)C3=C(C2=O)C(=CC=C3)NC(=O)CN=[N+]=[N-]
77,124116113,(2E)-7-hydroxy-2-[(3-hydroxy-4-methoxyphenyl)methylidene]-3H-inden-1-one,COC1=C(C=C(C=C1)/C=C/2\CC3=C(C2=O)C(=CC=C3)O)O
